"State","HighQ","HighQN","MedQ","MedQN","LowQ","LowQN"
"Alabama","337.9","1896","206.23","1813","I feel bad for these guys -->","218"
"Alaska","293.5","407","266.52","579","I feel bad for these guys -->","41"
"Arizona","296.62","3011","208.58","2880","I feel bad for these guys -->","345"
"Arkansas","334.04","996","212.2","993","I feel bad for these guys -->","171"
"California","241.96","18548","187.98","22066","I feel bad for these guys -->","1232"
"Colorado","241.24","3607","194.93","3437","I feel bad for these guys -->","215"
"Connecticut","332.31","2126","265.15","2525","I feel bad for these guys -->","147"
"Delaware","354.01","571","243.28","509","I feel bad for these guys -->","47"
"District of Columbia","345.93","771","281.59","733","I feel bad for these guys -->","54"
"Florida","297.02","10864","216.06","9724","I feel bad for these guys -->","783"
"Georgia","317.09","5230","216.96","4219","I feel bad for these guys -->","348"
"Hawaii","301.59","542","258.86","621","I feel bad for these guys -->","33"
"Idaho","273.38","510","241.59","799","I feel bad for these guys -->","42"
"Illinois","348.9","6407","279.72","6553","I feel bad for these guys -->","512"
"Indiana","328.58","2762","218.37","2654","I feel bad for these guys -->","362"
"Iowa","361.69","1109","288.15","1228","I feel bad for these guys -->","136"
"Kansas","346.02","1307","261.68","1205","I feel bad for these guys -->","155"
"Kentucky","341.18","1714","184.54","1775","I feel bad for these guys -->","201"
"Louisiana","358.17","1864","240.99","1676","I feel bad for these guys -->","369"
"Maine","301.57","707","233.07","775","I feel bad for these guys -->","73"
"Montana","264.42","796","238.3","446","I feel bad for these guys -->","36"
"Nebraska","329.11","799","240","862","I feel bad for these guys -->","78"
"Nevada","266.28","1439","223.86","1656","I feel bad for these guys -->","89"
"New Hampshire","349","667","289.31","764","I feel bad for these guys -->","58"
"New Jersey","342.34","3466","283.4","4958","I feel bad for these guys -->","287"
"New Mexico","282.79","907","218.39","780","I feel bad for these guys -->","73"
"New York","338.36","8939","261.37","10202","I feel bad for these guys -->","683"
"North Carolina","341.81","4763","244.67","3639","I feel bad for these guys -->","357"
"North Dakota","383.87","251","338.22","402","I feel bad for these guys -->","27"
"Ohio","331.03","4925","219.56","5099","I feel bad for these guys -->","621"
"Oklahoma","348.65","1301","242.47","1287","I feel bad for these guys -->","216"
"Oregon","202.24","2551","178.23","2414","I feel bad for these guys -->","113"
"Maryland","359.45","3282","265.88","2953","I feel bad for these guys -->","215"
"Massachusetts","339.57","4525","280.62","4478","I feel bad for these guys -->","325"
"Michigan","282.3","4504","263.01","4329","I feel bad for these guys -->","330"
"Minnesota","339.71","2723","269.9","3002","I feel bad for these guys -->","149"
"Mississippi","331.03","797","157","748","I feel bad for these guys -->","178"
"Missouri","347.59","2568","248.62","2509","I feel bad for these guys -->","334"
"Pennsylvania","357.97","6239","268.68","5928","I feel bad for these guys -->","564"
"Rhode Island","313.45","809","249.22","688","I feel bad for these guys -->","47"
"South Carolina","333.66","2008","208.91","1692","I feel bad for these guys -->","189"
"South Dakota","358.47","255","340.24","303","I feel bad for these guys -->","29"
"Tennessee","345.31","2609","227.71","2309","I feel bad for these guys -->","261"
"Texas","326.01","9622","232.66","10293","I feel bad for these guys -->","1288"
"Utah","285.29","1083","233.11","1236","I feel bad for these guys -->","71"
"Vermont","362.21","412","304.63","435","I feel bad for these guys -->","32"
"Virginia","361.97","4034","290.37","3640","I feel bad for these guys -->","322"
"Washington","231.68","3796","187.44","4160","I feel bad for these guys -->","183"
"West Virginia","357.43","641","224.27","651","I feel bad for these guys -->","67"
"Wisconsin","345.34","2564","272.46","2698","I feel bad for these guys -->","183"
"Wyoming","313.72","148","317.38","226","I feel bad for these guys -->","13"
