"State","HighQ","HighQN","MedQ","MedQN","LowQ","LowQN"
"Alabama","338.01","1900","206.63","1817","I feel bad for these guys -->","219"
"Alaska","293.46","408","266.52","579","I feel bad for these guys -->","41"
"Arizona","296.79","3017","208.72","2890","I feel bad for these guys -->","345"
"Arkansas","334.49","1000","212.2","993","I feel bad for these guys -->","173"
"California","242.02","18574","188.09","22105","I feel bad for these guys -->","1232"
"Colorado","241.35","3616","195.34","3444","I feel bad for these guys -->","215"
"Connecticut","332.28","2132","265.09","2530","I feel bad for these guys -->","148"
"Delaware","354.29","573","243.67","511","I feel bad for these guys -->","47"
"District of Columbia","346.24","773","281.84","740","I feel bad for these guys -->","54"
"Florida","297.11","10880","216.21","9742","I feel bad for these guys -->","784"
"Georgia","317.14","5243","217.03","4227","I feel bad for these guys -->","349"
"Hawaii","301.27","545","258.83","622","I feel bad for these guys -->","33"
"Idaho","273.38","510","241.82","801","I feel bad for these guys -->","42"
"Illinois","348.9","6425","279.93","6565","I feel bad for these guys -->","512"
"Indiana","328.83","2771","218.56","2662","I feel bad for these guys -->","364"
"Iowa","361.89","1113","288.46","1233","I feel bad for these guys -->","136"
"Kansas","345.94","1308","261.68","1205","I feel bad for these guys -->","156"
"Kentucky","341.2","1719","184.9","1779","I feel bad for these guys -->","201"
"Louisiana","358.38","1867","241.01","1677","I feel bad for these guys -->","369"
"Maine","301.57","707","233.03","777","I feel bad for these guys -->","73"
"Montana","264.24","798","238.65","448","I feel bad for these guys -->","36"
"Nebraska","328.93","800","240","863","I feel bad for these guys -->","78"
"Nevada","266.24","1442","224.55","1662","I feel bad for these guys -->","89"
"New Hampshire","349.28","670","289.31","764","I feel bad for these guys -->","58"
"New Jersey","342.24","3475","283.6","4971","I feel bad for these guys -->","289"
"New Mexico","282.49","910","218.42","782","I feel bad for these guys -->","73"
"New York","338.31","8956","261.58","10223","I feel bad for these guys -->","685"
"North Carolina","341.83","4768","245.21","3651","I feel bad for these guys -->","357"
"North Dakota","383.87","251","338.22","402","I feel bad for these guys -->","27"
"Ohio","331.03","4932","219.65","5108","I feel bad for these guys -->","621"
"Oklahoma","348.73","1303","243.05","1290","I feel bad for these guys -->","216"
"Oregon","202.3","2556","178.32","2421","I feel bad for these guys -->","113"
"Maryland","359.5","3287","265.96","2957","I feel bad for these guys -->","215"
"Massachusetts","339.69","4538","280.76","4491","I feel bad for these guys -->","325"
"Michigan","282.26","4510","263.12","4342","I feel bad for these guys -->","330"
"Minnesota","339.8","2727","269.88","3008","I feel bad for these guys -->","150"
"Mississippi","331.03","797","157.76","754","I feel bad for these guys -->","178"
"Missouri","347.63","2580","248.93","2514","I feel bad for these guys -->","334"
"Pennsylvania","357.9","6246","268.66","5935","I feel bad for these guys -->","564"
"Rhode Island","313.51","810","248.96","690","I feel bad for these guys -->","48"
"South Carolina","333.87","2014","208.96","1695","I feel bad for these guys -->","189"
"South Dakota","358.47","255","341.1","304","I feel bad for these guys -->","29"
"Tennessee","345.33","2614","228.3","2316","I feel bad for these guys -->","261"
"Texas","326.06","9646","232.88","10314","I feel bad for these guys -->","1289"
"Utah","285.25","1087","233.43","1239","I feel bad for these guys -->","71"
"Vermont","361.67","414","304.63","435","I feel bad for these guys -->","32"
"Virginia","362.23","4049","290.9","3650","I feel bad for these guys -->","322"
"Washington","231.76","3800","187.43","4167","I feel bad for these guys -->","183"
"West Virginia","357.43","641","224.27","652","I feel bad for these guys -->","67"
"Wisconsin","345.75","2571","272.76","2705","I feel bad for these guys -->","183"
"Wyoming","313.72","148","317.08","227","I feel bad for these guys -->","13"
