"State","HighQ","HighQN","MedQ","MedQN","LowQ","LowQN"
"Alabama","335.33","1596","210.14","1549","I feel bad for these guys -->","197"
"Alaska","303.78","363","271.32","498","I feel bad for these guys -->","37"
"Arizona","296.83","2754","208.22","2555","I feel bad for these guys -->","319"
"Arkansas","341.57","882","208.65","875","I feel bad for these guys -->","150"
"California","243.04","17037","188.82","19943","I feel bad for these guys -->","1135"
"Colorado","242.65","3267","196.01","3015","I feel bad for these guys -->","189"
"Connecticut","336.18","1887","267.01","2165","I feel bad for these guys -->","131"
"Delaware","362.61","510","235.65","456","I feel bad for these guys -->","44"
"District of Columbia","348.53","686","284.21","622","I feel bad for these guys -->","50"
"Florida","300.13","9738","216.25","8652","I feel bad for these guys -->","722"
"Georgia","322.49","4647","217.51","3665","I feel bad for these guys -->","315"
"Hawaii","307.21","470","262.15","547","I feel bad for these guys -->","31"
"Idaho","275.08","471","242.91","702","I feel bad for these guys -->","36"
"Illinois","352.28","5842","282.02","5791","I feel bad for these guys -->","464"
"Indiana","331.56","2477","217.58","2354","I feel bad for these guys -->","337"
"Iowa","364.08","1006","289.54","1103","I feel bad for these guys -->","123"
"Kansas","349.12","1200","258.6","1060","I feel bad for these guys -->","145"
"Kentucky","338.16","1556","173.22","1579","I feel bad for these guys -->","183"
"Louisiana","360.41","1592","241.52","1428","I feel bad for these guys -->","333"
"Maine","304.96","633","234.38","690","I feel bad for these guys -->","65"
"Montana","265.26","752","246.88","386","I feel bad for these guys -->","32"
"Nebraska","335.11","717","243.07","770","I feel bad for these guys -->","76"
"Nevada","265.7","1289","226.1","1494","I feel bad for these guys -->","80"
"New Hampshire","352.61","617","287.48","685","I feel bad for these guys -->","52"
"New Jersey","345.32","3183","285.35","4423","I feel bad for these guys -->","264"
"New Mexico","287.98","834","219.85","691","I feel bad for these guys -->","71"
"New York","342.97","8108","262.88","9114","I feel bad for these guys -->","635"
"North Carolina","344.66","4288","246","3186","I feel bad for these guys -->","331"
"North Dakota","384.23","217","319.77","347","I feel bad for these guys -->","26"
"Ohio","332.73","4420","220.03","4509","I feel bad for these guys -->","567"
"Oklahoma","352.13","1172","238.44","1119","I feel bad for these guys -->","200"
"Oregon","205.59","2248","180.31","2116","I feel bad for these guys -->","99"
"Maryland","362.16","2994","268.17","2602","I feel bad for these guys -->","199"
"Massachusetts","343.7","4126","283.89","3982","I feel bad for these guys -->","294"
"Michigan","287.51","4106","268.65","3904","I feel bad for these guys -->","306"
"Minnesota","347.67","2474","273.15","2622","I feel bad for these guys -->","135"
"Mississippi","334.36","644","151.31","586","I feel bad for these guys -->","152"
"Missouri","349.08","2307","245.94","2230","I feel bad for these guys -->","307"
"Pennsylvania","362.04","5728","269.52","5229","I feel bad for these guys -->","523"
"Rhode Island","316.33","737","256.67","598","I feel bad for these guys -->","47"
"South Carolina","336.67","1769","206.18","1475","I feel bad for these guys -->","166"
"South Dakota","359.39","226","348.01","267","I feel bad for these guys -->","26"
"Tennessee","347.67","2329","226.32","2024","I feel bad for these guys -->","233"
"Texas","332.76","8559","232.25","9031","I feel bad for these guys -->","1181"
"Utah","289","993","235.7","1118","I feel bad for these guys -->","66"
"Vermont","369.12","373","305.9","387","I feel bad for these guys -->","32"
"Virginia","364.23","3654","290.71","3258","I feel bad for these guys -->","295"
"Washington","232.6","3460","188.59","3726","I feel bad for these guys -->","162"
"West Virginia","357.85","573","225.31","578","I feel bad for these guys -->","60"
"Wisconsin","348.31","2328","271.32","2355","I feel bad for these guys -->","171"
"Wyoming","322.28","134","349.08","205","I feel bad for these guys -->","13"
