"State","HighQ","HighQN","MedQ","MedQN","LowQ","LowQN"
"Alabama","339","1461","204.55","1357","I feel bad for these guys -->","174"
"Alaska","290.95","339","260.98","446","I feel bad for these guys -->","37"
"Arizona","300.56","2510","210.42","2268","I feel bad for these guys -->","297"
"Arkansas","343.89","809","205.83","778","I feel bad for these guys -->","140"
"California","244.79","15792","190.71","17949","I feel bad for these guys -->","1031"
"Colorado","236.91","3000","195.98","2646","I feel bad for these guys -->","172"
"Connecticut","340.22","1736","270.16","1918","I feel bad for these guys -->","116"
"Delaware","363.53","470","234.8","407","I feel bad for these guys -->","39"
"District of Columbia","348.88","624","282.61","546","I feel bad for these guys -->","48"
"Florida","301.55","8960","217.77","7687","I feel bad for these guys -->","663"
"Georgia","325.62","4210","217.27","3215","I feel bad for these guys -->","290"
"Hawaii","310.97","428","267.29","485","I feel bad for these guys -->","29"
"Idaho","276.07","422","247.18","630","I feel bad for these guys -->","35"
"Illinois","355.77","5345","283.22","5179","I feel bad for these guys -->","431"
"Indiana","332.38","2266","213.88","2115","I feel bad for these guys -->","315"
"Iowa","364.77","928","288.45","962","I feel bad for these guys -->","115"
"Kansas","351.07","1111","261.3","936","I feel bad for these guys -->","133"
"Kentucky","339.51","1402","173.78","1409","I feel bad for these guys -->","174"
"Louisiana","364.74","1444","241.04","1272","I feel bad for these guys -->","302"
"Maine","315.23","590","243.52","614","I feel bad for these guys -->","59"
"Montana","265.88","716","241.87","352","I feel bad for these guys -->","31"
"Nebraska","341.1","671","247.62","678","I feel bad for these guys -->","74"
"Nevada","267.35","1175","229.15","1331","I feel bad for these guys -->","78"
"New Hampshire","355.83","563","296.61","624","I feel bad for these guys -->","51"
"New Jersey","347.71","2918","287.65","3937","I feel bad for these guys -->","245"
"New Mexico","288.48","751","213.97","615","I feel bad for these guys -->","61"
"New York","345.81","7492","264.53","8179","I feel bad for these guys -->","597"
"North Carolina","347.38","3865","245.69","2827","I feel bad for these guys -->","299"
"North Dakota","397.2","201","341.75","305","I feel bad for these guys -->","22"
"Ohio","333.62","4036","217.68","4021","I feel bad for these guys -->","526"
"Oklahoma","362.99","1030","234.44","1001","I feel bad for these guys -->","182"
"Oregon","207.34","2086","181.03","1886","I feel bad for these guys -->","89"
"Maryland","368.28","2711","255.67","2296","I feel bad for these guys -->","188"
"Massachusetts","348.45","3839","287.83","3539","I feel bad for these guys -->","276"
"Michigan","290.57","3852","271.34","3503","I feel bad for these guys -->","286"
"Minnesota","353.56","2264","274.69","2307","I feel bad for these guys -->","121"
"Mississippi","337.62","577","147.11","510","I feel bad for these guys -->","136"
"Missouri","352.88","2114","246.05","1979","I feel bad for these guys -->","283"
"Pennsylvania","364","5270","269.04","4636","I feel bad for these guys -->","484"
"Rhode Island","318.31","684","260.23","510","I feel bad for these guys -->","46"
"South Carolina","339.8","1589","203.27","1314","I feel bad for these guys -->","159"
"South Dakota","378.37","211","348.11","234","I feel bad for these guys -->","25"
"Tennessee","351.24","2123","226.49","1781","I feel bad for these guys -->","205"
"Texas","336.57","7836","233.17","8014","I feel bad for these guys -->","1104"
"Utah","290.99","906","237.58","990","I feel bad for these guys -->","58"
"Vermont","372.57","345","311.6","343","I feel bad for these guys -->","31"
"Virginia","367.1","3310","293.03","2893","I feel bad for these guys -->","268"
"Washington","233.37","3181","189.7","3343","I feel bad for these guys -->","148"
"West Virginia","356.61","523","219.53","512","I feel bad for these guys -->","58"
"Wisconsin","351.41","2132","272.93","2057","I feel bad for these guys -->","158"
"Wyoming","326.51","122","354.16","179","I feel bad for these guys -->","12"
