"State","HighQ","HighQN","MedQ","MedQN","LowQ","LowQN"
"Alabama","340.41","1418","204.35","1298","I feel bad for these guys -->","162"
"Alaska","291.41","331","261.95","422","I feel bad for these guys -->","34"
"Arizona","300.14","2440","210.09","2188","I feel bad for these guys -->","290"
"Arkansas","345.81","775","180.19","745","I feel bad for these guys -->","136"
"California","245.04","15357","191.07","17283","I feel bad for these guys -->","1000"
"Colorado","238.43","2888","197.27","2509","I feel bad for these guys -->","168"
"Connecticut","340.65","1659","270.79","1807","I feel bad for these guys -->","112"
"Delaware","366.04","457","231.18","391","I feel bad for these guys -->","39"
"District of Columbia","350.45","600","288.86","512","I feel bad for these guys -->","48"
"Florida","302.25","8686","217.65","7388","I feel bad for these guys -->","647"
"Georgia","326.65","4090","217.11","3120","I feel bad for these guys -->","285"
"Hawaii","310.32","419","268.95","473","I feel bad for these guys -->","29"
"Idaho","276.41","400","248.08","603","I feel bad for these guys -->","33"
"Illinois","356.33","5199","283.26","4964","I feel bad for these guys -->","417"
"Indiana","332.7","2200","212.5","2026","I feel bad for these guys -->","306"
"Iowa","365.89","895","288.51","919","I feel bad for these guys -->","113"
"Kansas","350.77","1081","262.07","900","I feel bad for these guys -->","130"
"Kentucky","338.63","1364","174.43","1352","I feel bad for these guys -->","169"
"Louisiana","365.8","1412","243.78","1226","I feel bad for these guys -->","296"
"Maine","315.07","568","245.83","592","I feel bad for these guys -->","59"
"Montana","266.44","695","251.08","342","I feel bad for these guys -->","30"
"Nebraska","339.24","651","250.53","657","I feel bad for these guys -->","74"
"Nevada","268.41","1139","229.84","1288","I feel bad for these guys -->","76"
"New Hampshire","356.43","548","291.78","594","I feel bad for these guys -->","46"
"New Jersey","348.68","2829","287.75","3778","I feel bad for these guys -->","239"
"New Mexico","288.39","729","202.15","591","I feel bad for these guys -->","59"
"New York","346.79","7267","264.79","7871","I feel bad for these guys -->","580"
"North Carolina","347.89","3724","245.71","2714","I feel bad for these guys -->","288"
"North Dakota","403.04","189","347.02","282","I feel bad for these guys -->","21"
"Ohio","334.23","3916","217.89","3882","I feel bad for these guys -->","512"
"Oklahoma","364.62","981","233.01","960","I feel bad for these guys -->","176"
"Oregon","208.17","2025","182.32","1795","I feel bad for these guys -->","85"
"Maryland","369.85","2611","253.08","2202","I feel bad for these guys -->","185"
"Massachusetts","349.68","3728","288.55","3389","I feel bad for these guys -->","272"
"Michigan","289.98","3756","274.07","3375","I feel bad for these guys -->","277"
"Minnesota","354.68","2180","275.65","2196","I feel bad for these guys -->","117"
"Mississippi","337.51","555","145.63","487","I feel bad for these guys -->","132"
"Missouri","357.96","2042","245.43","1894","I feel bad for these guys -->","276"
"Pennsylvania","365.46","5083","267.74","4446","I feel bad for these guys -->","474"
"Rhode Island","320.23","665","258.98","482","I feel bad for these guys -->","43"
"South Carolina","341.4","1538","203.57","1258","I feel bad for these guys -->","155"
"South Dakota","377.57","201","349.65","231","I feel bad for these guys -->","23"
"Tennessee","352.32","2052","226.22","1693","I feel bad for these guys -->","200"
"Texas","336.81","7631","232.61","7750","I feel bad for these guys -->","1080"
"Utah","287.75","885","238.48","951","I feel bad for these guys -->","58"
"Vermont","374.25","335","315.94","329","I feel bad for these guys -->","29"
"Virginia","366.68","3201","291.55","2763","I feel bad for these guys -->","261"
"Washington","232.89","3067","189.44","3216","I feel bad for these guys -->","145"
"West Virginia","355.46","503","215.99","493","I feel bad for these guys -->","57"
"Wisconsin","352.24","2064","272.36","1961","I feel bad for these guys -->","152"
"Wyoming","328.51","119","356.25","170","I feel bad for these guys -->","12"
