"State","HighQ","HighQN","MedQ","MedQN","LowQ","LowQN"
"Alabama","337.56","1892","206.13","1810","I feel bad for these guys -->","218"
"Alaska","293.5","407","265.52","576","I feel bad for these guys -->","41"
"Arizona","296.59","3000","208.48","2876","I feel bad for these guys -->","344"
"Arkansas","334.03","994","212.2","993","I feel bad for these guys -->","171"
"California","241.96","18524","187.92","22043","I feel bad for these guys -->","1232"
"Colorado","241.2","3603","194.83","3433","I feel bad for these guys -->","215"
"Connecticut","332.34","2124","264.95","2520","I feel bad for these guys -->","146"
"Delaware","354.05","568","242.61","507","I feel bad for these guys -->","47"
"District of Columbia","345.79","765","281.67","731","I feel bad for these guys -->","54"
"Florida","297.05","10846","215.95","9712","I feel bad for these guys -->","782"
"Georgia","317.09","5230","216.79","4214","I feel bad for these guys -->","347"
"Hawaii","301.78","541","258.86","621","I feel bad for these guys -->","33"
"Idaho","273.38","510","241.59","799","I feel bad for these guys -->","42"
"Illinois","348.91","6399","279.56","6541","I feel bad for these guys -->","511"
"Indiana","328.5","2760","218.11","2650","I feel bad for these guys -->","362"
"Iowa","361.63","1106","287.99","1227","I feel bad for these guys -->","136"
"Kansas","346.12","1303","261.38","1203","I feel bad for these guys -->","155"
"Kentucky","341.02","1712","184.63","1773","I feel bad for these guys -->","201"
"Louisiana","358.11","1863","240.84","1675","I feel bad for these guys -->","369"
"Maine","304.57","701","232.72","773","I feel bad for these guys -->","73"
"Montana","264.43","793","238.3","446","I feel bad for these guys -->","36"
"Nebraska","328.96","796","239.86","861","I feel bad for these guys -->","78"
"Nevada","266.48","1435","223.94","1653","I feel bad for these guys -->","89"
"New Hampshire","349","667","285.17","758","I feel bad for these guys -->","58"
"New Jersey","342.45","3458","283.36","4953","I feel bad for these guys -->","287"
"New Mexico","282.77","906","217.48","777","I feel bad for these guys -->","73"
"New York","338.39","8920","261.26","10189","I feel bad for these guys -->","683"
"North Carolina","341.83","4758","244.26","3632","I feel bad for these guys -->","357"
"North Dakota","383.8","250","338.22","402","I feel bad for these guys -->","27"
"Ohio","330.99","4908","219.37","5092","I feel bad for these guys -->","620"
"Oklahoma","348.61","1300","241.92","1284","I feel bad for these guys -->","215"
"Oregon","202.13","2537","178.17","2410","I feel bad for these guys -->","113"
"Maryland","359.24","3276","265.47","2945","I feel bad for these guys -->","215"
"Massachusetts","339.58","4514","280.62","4470","I feel bad for these guys -->","324"
"Michigan","282.29","4498","263.11","4320","I feel bad for these guys -->","329"
"Minnesota","339.8","2715","269.8","2996","I feel bad for these guys -->","149"
"Mississippi","331.03","797","157","748","I feel bad for these guys -->","177"
"Missouri","347.52","2559","248.35","2503","I feel bad for these guys -->","334"
"Pennsylvania","358.12","6222","268.42","5915","I feel bad for these guys -->","562"
"Rhode Island","313.43","807","248.94","683","I feel bad for these guys -->","47"
"South Carolina","333.84","2002","208.91","1692","I feel bad for these guys -->","188"
"South Dakota","358.47","255","340.24","303","I feel bad for these guys -->","29"
"Tennessee","345.24","2603","227.35","2303","I feel bad for these guys -->","260"
"Texas","326.02","9608","232.58","10277","I feel bad for these guys -->","1287"
"Utah","285.02","1082","232.96","1231","I feel bad for these guys -->","71"
"Vermont","364.7","410","304.63","435","I feel bad for these guys -->","32"
"Virginia","361.84","4028","290.23","3638","I feel bad for these guys -->","320"
"Washington","231.76","3788","187.42","4151","I feel bad for these guys -->","183"
"West Virginia","357.35","639","224.12","649","I feel bad for these guys -->","65"
"Wisconsin","345.06","2559","272.27","2693","I feel bad for these guys -->","183"
"Wyoming","313.72","148","317.38","226","I feel bad for these guys -->","13"
