"State","HighQ","HighQN","MedQ","MedQN","LowQ","LowQN"
"Alabama","340.46","1411","204.38","1287","I feel bad for these guys -->","161"
"Alaska","291.32","330","261.06","418","I feel bad for these guys -->","34"
"Arizona","300.44","2427","209.38","2168","I feel bad for these guys -->","287"
"Arkansas","346.24","770","180.25","740","I feel bad for these guys -->","135"
"California","245.03","15287","191.24","17147","I feel bad for these guys -->","998"
"Colorado","238.31","2876","197.33","2494","I feel bad for these guys -->","168"
"Connecticut","341.08","1646","271.01","1785","I feel bad for these guys -->","108"
"Delaware","366.11","454","230.93","389","I feel bad for these guys -->","39"
"District of Columbia","349.35","588","287.51","505","I feel bad for these guys -->","48"
"Florida","302.4","8618","217.75","7319","I feel bad for these guys -->","644"
"Georgia","326.78","4066","217.01","3100","I feel bad for these guys -->","284"
"Hawaii","310.32","419","268.32","471","I feel bad for these guys -->","29"
"Idaho","276.18","398","249","599","I feel bad for these guys -->","33"
"Illinois","356.25","5170","283.35","4906","I feel bad for these guys -->","414"
"Indiana","332.45","2182","211.79","2009","I feel bad for these guys -->","305"
"Iowa","365.49","888","288.52","912","I feel bad for these guys -->","113"
"Kansas","350.94","1077","262.26","894","I feel bad for these guys -->","130"
"Kentucky","337.89","1347","183.54","1337","I feel bad for these guys -->","167"
"Louisiana","366.51","1400","244.31","1216","I feel bad for these guys -->","293"
"Maine","315.05","566","254.95","585","I feel bad for these guys -->","59"
"Montana","266.71","689","251.1","339","I feel bad for these guys -->","30"
"Nebraska","339.51","649","250.75","651","I feel bad for these guys -->","74"
"Nevada","268.17","1135","230","1278","I feel bad for these guys -->","76"
"New Hampshire","356.34","544","291.56","591","I feel bad for these guys -->","46"
"New Jersey","348.57","2812","287.93","3748","I feel bad for these guys -->","239"
"New Mexico","288.68","720","202.12","583","I feel bad for these guys -->","58"
"New York","347.19","7225","265.08","7817","I feel bad for these guys -->","577"
"North Carolina","347.97","3697","245.78","2694","I feel bad for these guys -->","287"
"North Dakota","405.46","186","348.53","277","I feel bad for these guys -->","21"
"Ohio","334.34","3890","217.38","3863","I feel bad for these guys -->","509"
"Oklahoma","363.72","974","232.74","949","I feel bad for these guys -->","175"
"Oregon","208.14","2015","182.75","1783","I feel bad for these guys -->","85"
"Maryland","370.19","2591","252.81","2179","I feel bad for these guys -->","184"
"Massachusetts","350.02","3704","288.55","3351","I feel bad for these guys -->","271"
"Michigan","290.12","3731","274.25","3354","I feel bad for these guys -->","275"
"Minnesota","354.67","2175","276.55","2174","I feel bad for these guys -->","116"
"Mississippi","337.91","551","146.08","485","I feel bad for these guys -->","132"
"Missouri","357.82","2028","245.7","1875","I feel bad for these guys -->","275"
"Pennsylvania","365.76","5047","267.89","4409","I feel bad for these guys -->","470"
"Rhode Island","321.07","659","258.39","478","I feel bad for these guys -->","42"
"South Carolina","342.06","1522","202.76","1247","I feel bad for these guys -->","153"
"South Dakota","377.57","201","349.65","230","I feel bad for these guys -->","22"
"Tennessee","352.69","2038","225.67","1680","I feel bad for these guys -->","200"
"Texas","336.86","7582","232.49","7694","I feel bad for these guys -->","1075"
"Utah","287.64","876","238.94","943","I feel bad for these guys -->","58"
"Vermont","374.25","335","316.5","325","I feel bad for these guys -->","29"
"Virginia","366.75","3178","291.78","2740","I feel bad for these guys -->","259"
"Washington","232.84","3050","189.59","3179","I feel bad for these guys -->","144"
"West Virginia","355.49","502","215.95","490","I feel bad for these guys -->","55"
"Wisconsin","352.01","2045","271.67","1939","I feel bad for these guys -->","151"
"Wyoming","328.54","118","356.25","170","I feel bad for these guys -->","12"
