"State","HighQ","HighQN","MedQ","MedQN","LowQ","LowQN"
"Alabama","338.86","1436","204.34","1327","I feel bad for these guys -->","165"
"Alaska","291.95","334","261.48","431","I feel bad for these guys -->","36"
"Arizona","300.34","2464","210.57","2219","I feel bad for these guys -->","293"
"Arkansas","345.07","785","180.25","751","I feel bad for these guys -->","139"
"California","244.97","15546","190.88","17532","I feel bad for these guys -->","1007"
"Colorado","237.4","2930","196.83","2565","I feel bad for these guys -->","169"
"Connecticut","340.77","1694","270.98","1846","I feel bad for these guys -->","115"
"Delaware","365.36","463","233.2","400","I feel bad for these guys -->","39"
"District of Columbia","350.56","608","288.03","522","I feel bad for these guys -->","48"
"Florida","301.92","8786","217.94","7502","I feel bad for these guys -->","653"
"Georgia","326.5","4139","217.24","3158","I feel bad for these guys -->","287"
"Hawaii","310.47","423","268.39","478","I feel bad for these guys -->","29"
"Idaho","275.5","407","247.71","615","I feel bad for these guys -->","34"
"Illinois","356.09","5265","282.9","5068","I feel bad for these guys -->","421"
"Indiana","332.32","2229","213.75","2058","I feel bad for these guys -->","312"
"Iowa","365.46","909","289.08","934","I feel bad for these guys -->","114"
"Kansas","350.79","1089","262.76","910","I feel bad for these guys -->","130"
"Kentucky","338.81","1379","174.12","1373","I feel bad for these guys -->","172"
"Louisiana","365.11","1424","243.94","1241","I feel bad for these guys -->","299"
"Maine","314.89","573","244.17","605","I feel bad for these guys -->","59"
"Montana","266.04","705","250.51","345","I feel bad for these guys -->","30"
"Nebraska","340.43","661","248.11","667","I feel bad for these guys -->","74"
"Nevada","267.63","1153","229.62","1303","I feel bad for these guys -->","76"
"New Hampshire","356.55","553","290.53","610","I feel bad for these guys -->","49"
"New Jersey","348.53","2870","287.88","3839","I feel bad for these guys -->","241"
"New Mexico","288.14","736","203.5","600","I feel bad for these guys -->","59"
"New York","346.24","7359","264.79","7996","I feel bad for these guys -->","584"
"North Carolina","347.85","3781","245.53","2753","I feel bad for these guys -->","292"
"North Dakota","393.2","197","343.35","293","I feel bad for these guys -->","22"
"Ohio","334.23","3961","218.17","3941","I feel bad for these guys -->","516"
"Oklahoma","364.26","1004","234.05","974","I feel bad for these guys -->","179"
"Oregon","207.9","2054","182.06","1821","I feel bad for these guys -->","85"
"Maryland","369.46","2642","252.65","2243","I feel bad for these guys -->","187"
"Massachusetts","349.1","3770","288.52","3448","I feel bad for these guys -->","274"
"Michigan","290.68","3795","272.8","3421","I feel bad for these guys -->","280"
"Minnesota","354.01","2200","276.02","2242","I feel bad for these guys -->","118"
"Mississippi","337.09","565","146.94","500","I feel bad for these guys -->","134"
"Missouri","357.79","2072","245.61","1937","I feel bad for these guys -->","280"
"Pennsylvania","364.65","5149","268.61","4519","I feel bad for these guys -->","480"
"Rhode Island","319.73","672","259.05","495","I feel bad for these guys -->","44"
"South Carolina","340.53","1559","203.37","1274","I feel bad for these guys -->","156"
"South Dakota","376.71","206","348.54","233","I feel bad for these guys -->","25"
"Tennessee","351.41","2078","226.46","1720","I feel bad for these guys -->","203"
"Texas","336.79","7695","232.61","7837","I feel bad for these guys -->","1091"
"Utah","287.41","892","238.03","970","I feel bad for these guys -->","58"
"Vermont","374.09","336","312.76","337","I feel bad for these guys -->","29"
"Virginia","366.7","3246","292.19","2807","I feel bad for these guys -->","264"
"Washington","233.27","3113","189.46","3270","I feel bad for these guys -->","145"
"West Virginia","354.6","511","217.07","498","I feel bad for these guys -->","58"
"Wisconsin","352.23","2090","272.78","1997","I feel bad for these guys -->","155"
"Wyoming","328.51","119","355.57","175","I feel bad for these guys -->","12"
